epoch,loss,val_loss
0,0.0126523946524,0.021212915783
1,0.00714987663926,0.0180193427492
2,0.00755684615779,0.0135725141793
